{"cameraMode":{"drawMode":0,"name":"Shaded","section":"Shading Mode"},"sceneLighting":false,"audioPlay":false,"sceneViewState":{"showFog":false,"showMaterialUpdate":false,"showSkybox":false,"showFlares":false,"showImageEffects":false,"showParticleSystems":false},"in2DMode":false,"pivot":{"x":0.07563257217407227,"y":0.8958713412284851,"z":-0.35787343978881838},"rotation":{"x":0.052770692855119708,"y":-0.8801348805427551,"z":0.10077233612537384,"w":0.46089404821395876},"size":3.2834584712982179,"orthographic":true}