{"cameraMode":{"drawMode":0,"name":"Shaded","section":"Shading Mode"},"sceneLighting":false,"audioPlay":false,"sceneViewState":{"showFog":false,"showMaterialUpdate":false,"showSkybox":false,"showFlares":false,"showImageEffects":false,"showParticleSystems":false},"in2DMode":false,"pivot":{"x":0.0,"y":0.800000011920929,"z":15.079999923706055},"rotation":{"x":0.052770692855119708,"y":-0.8801348805427551,"z":0.10077233612537384,"w":0.46089404821395876},"size":2.800142765045166,"orthographic":true}